[{"model": "about.phonenumber", "pk": 1, "fields": {"phone_number": "+998901234567"}}, {"model": "about.phonenumber", "pk": 2, "fields": {"phone_number": "+998912345678"}}, {"model": "about.socialmedia", "pk": 1, "fields": {"icon": "images/about/icons/instagram.png", "link": "https://www.instagram.com/bilolmuhammadsolih/"}}, {"model": "about.socialmedia", "pk": 2, "fields": {"icon": "images/about/icons/telegram.png", "link": "https://t.me/BilolMuhammadSolih"}}, {"model": "about.socialmedia", "pk": 3, "fields": {"icon": "images/about/icons/facebook.png", "link": "https://www.facebook.com/"}}, {"model": "about.location", "pk": 1, "fields": {"title": "Minor filiali", "region": 4, "city": "Toshkent", "iframe": "<iframe src=\"https://www.google.com/maps/embed?pb=!1m18!1m12!1m3!1d5929.505283170237!2d69.27644774886312!3d41.33633831394428!2m3!1f0!2f0!3f0!3m2!1i1024!2i768!4f13.1!3m3!1m2!1s0x38ae8b454cf51035%3A0xc1f97becd64cf681!2sMinor%20Mosque!5e0!3m2!1sen!2s!4v1699319481297!5m2!1sen!2s\" width=\"600\" height=\"450\" style=\"border:0;\" allowfullscreen=\"\" loading=\"lazy\" referrerpolicy=\"no-referrer-when-downgrade\"></iframe>", "latitude": "41.33536689416226", "longitude": "69.27503420301416"}}, {"model": "about.location", "pk": 2, "fields": {"title": "Masjid Filiali", "region": 1, "city": "Toshbuloq", "iframe": "<iframe src=\"https://www.google.com/maps/embed?pb=!1m18!1m12!1m3!1d3014.726301641438!2d71.5868230759136!3d40.921746671362776!2m3!1f0!2f0!3f0!3m2!1i1024!2i768!4f13.1!3m3!1m2!1s0x38bb49e270b34dd5%3A0x40ee111305b37a81!2sToshbuloq%20jome%20masjidi!5e0!3m2!1sen!2s!4v1699319572552!5m2!1sen!2s\" width=\"600\" height=\"450\" style=\"border:0;\" allowfullscreen=\"\" loading=\"lazy\" referrerpolicy=\"no-referrer-when-downgrade\"></iframe>", "latitude": "40.92182339614364", "longitude": "71.58950441976788"}}, {"model": "accounts.user", "pk": 1, "fields": {"password": "pbkdf2_sha256$600000$2HJCnDr1cgTe5ccVw91h1u$B7NnhmGmwIp+zFbeRwAZ8P5Xy7wi1uGyM6n2fgZ1hPk=", "last_login": "2023-11-04T06:20:07.321Z", "is_superuser": true, "created": "2023-10-30T09:10:26.194Z", "updated": "2023-10-30T14:06:31.283Z", "phone_number": "+998912958899", "is_verified": true, "is_active": true, "first_name": "Bilol", "last_name": "Muhammad Solih", "profile_photo": "", "gender": "m", "birthdate": "2001-01-29", "passport_picture": "", "individual_pin": null, "serial_number": null, "region": 1, "district": "Namangan", "balance": 0, "is_staff": true, "groups": [], "user_permissions": [], "liked_packages": []}}, {"model": "accounts.otpcode", "pk": 1, "fields": {"created": "2023-10-31T06:09:21.725Z", "updated": "2023-10-31T06:09:21.725Z", "phone_number": "+998912958899", "code": "9397", "is_expired": false}}, {"model": "base.country", "pk": 1, "fields": {"title": "Russia", "title_uz": "Rassiya", "title_ru": "Rossiya", "title_en": "Russia"}}, {"model": "base.country", "pk": 2, "fields": {"title": "Japan", "title_uz": "Yaponiya", "title_ru": "Yeponiya", "title_en": "Japan"}}, {"model": "base.country", "pk": 3, "fields": {"title": "Saudiya Arabistoni en", "title_uz": "Saudiya Arabistoni uz", "title_ru": "Saudiya Arabistoni ru", "title_en": "Saudiya Arabistoni en"}}, {"model": "base.city", "pk": 1, "fields": {"country": 1, "title": "Moscow", "title_uz": "Maskva", "title_ru": "Moskva", "title_en": "Moscow"}}, {"model": "base.city", "pk": 2, "fields": {"country": 2, "title": "Tokio", "title_uz": "Tokyo", "title_ru": "Tokyo", "title_en": "Tokio"}}, {"model": "base.city", "pk": 3, "fields": {"country": 2, "title": "Kyoto", "title_uz": "Kyoto", "title_ru": "Kyoto", "title_en": "Kyoto"}}, {"model": "base.city", "pk": 4, "fields": {"country": 2, "title": "Osaka", "title_uz": "Osaka", "title_ru": "Osaka", "title_en": "Osaka"}}, {"model": "base.city", "pk": 5, "fields": {"country": 2, "title": "Nagasaki", "title_uz": "Nagasaki", "title_ru": "Nagasaki", "title_en": "Nagasaki"}}, {"model": "base.city", "pk": 6, "fields": {"country": 3, "title": "Makka en", "title_uz": "Makka uz", "title_ru": "Makka ru", "title_en": "Makka en"}}, {"model": "base.city", "pk": 7, "fields": {"country": 3, "title": "Madina en", "title_uz": "Madina uz", "title_ru": "Madina ru", "title_en": "Madina en"}}, {"model": "base.region", "pk": 1, "fields": {"title": "Namangan"}}, {"model": "base.region", "pk": 2, "fields": {"title": "Andijon"}}, {"model": "base.region", "pk": 3, "fields": {"title": "Farg'ona"}}, {"model": "base.region", "pk": 4, "fields": {"title": "Toshkent"}}, {"model": "base.region", "pk": 5, "fields": {"title": "Sirdaryo"}}, {"model": "base.region", "pk": 6, "fields": {"title": "Jizzax"}}, {"model": "base.region", "pk": 7, "fields": {"title": "Navoiy"}}, {"model": "base.region", "pk": 8, "fields": {"title": "Xorazm"}}, {"model": "base.region", "pk": 9, "fields": {"title": "Samarqand"}}, {"model": "base.region", "pk": 10, "fields": {"title": "Qashqadaryo"}}, {"model": "base.region", "pk": 11, "fields": {"title": "Buxoro"}}, {"model": "base.region", "pk": 12, "fields": {"title": "Nukus"}}, {"model": "base.region", "pk": 13, "fields": {"title": "Surxondaryo"}}, {"model": "discounts.discount", "pk": 1, "fields": {"created": "2023-11-04T06:21:02.373Z", "updated": "2023-11-04T06:21:02.373Z", "title": "Ramazon chegirmalari", "description": "Muborak Ramazon oyi uchun maxsus chegirmalar!", "max_discount": 25, "expiry_date": "2024-12-04T06:20:55Z", "packages": [1]}}, {"model": "packages.accommodationtype", "pk": 1, "fields": {"title": "Hotel", "picture": "images/accommodations/accommodation_types/hotel.jpg"}}, {"model": "packages.accommodationtype", "pk": 2, "fields": {"title": "Motel", "picture": "images/accommodations/accommodation_types/motel.jpg"}}, {"model": "packages.accommodationtype", "pk": 3, "fields": {"title": "Villa", "picture": "images/accommodations/accommodation_types/villas.jpg"}}, {"model": "packages.accommodation", "pk": 1, "fields": {"created": "2023-10-31T13:20:08.269Z", "updated": "2023-10-31T13:22:49.162Z", "title": "Madina Hotel en", "title_uz": "Madina Hotel uz", "title_ru": "Madina Hotel ru", "title_en": "Madina Hotel en", "type": 1, "short_description": "Short description en", "short_description_uz": "Short description uz", "short_description_ru": "Short description ru", "short_description_en": "Short description en", "long_description": "<p>Long description en</p>", "long_description_uz": "<p>Long description uz</p>", "long_description_ru": "<p>Long description ru</p>", "long_description_en": "<p>Long description en</p>", "rating": "5.0", "country": 3, "city": 7, "address": "Address 1", "landmark": "Landmark 1", "iframe": "<iframe src=\"https://www.google.com/maps/embed?pb=!1m18!1m12!1m3!1d727.621161586283!2d69.28295707398226!3d41.33565739226165!2m3!1f0!2f0!3f0!3m2!1i1024!2i768!4f13.1!3m3!1m2!1s0x38ae8ad1c948c5c9%3A0xd26f57914bcadadd!2sNational%20Bank%20of%20Uzbekistan!5e0!3m2!1sen!2s!4v1698758109742!5m2!1sen!2s\" width=\"600\" height=\"450\" style=\"border:0;\" allowfullscreen=\"\" loading=\"lazy\" referrerpolicy=\"no-referrer-when-downgrade\"></iframe>", "latitude": "41.33568184991207", "longitude": "69.28356163161223", "features": [1, 2, 3, 4]}}, {"model": "packages.accommodationpicture", "pk": 1, "fields": {"created": "2023-10-31T13:20:08.329Z", "updated": "2023-10-31T13:20:27.446Z", "accommodation": 1, "picture": "images/accommodations/destinations/2023/10/31/accommodation_1.jpg", "is_main": true}}, {"model": "packages.accommodationpicture", "pk": 2, "fields": {"created": "2023-10-31T13:20:08.335Z", "updated": "2023-10-31T13:20:21.440Z", "accommodation": 1, "picture": "images/accommodations/destinations/2023/10/31/accommodation_2.jpg", "is_main": false}}, {"model": "packages.accommodationpicture", "pk": 3, "fields": {"created": "2023-10-31T13:20:08.339Z", "updated": "2023-10-31T13:20:08.339Z", "accommodation": 1, "picture": "images/accommodations/destinations/2023/10/31/accommodation_3.jpg", "is_main": false}}, {"model": "packages.accommodationpicture", "pk": 4, "fields": {"created": "2023-10-31T13:20:08.343Z", "updated": "2023-10-31T13:20:08.343Z", "accommodation": 1, "picture": "images/accommodations/destinations/2023/10/31/accommodation_4.jpg", "is_main": false}}, {"model": "packages.accommodationpicture", "pk": 5, "fields": {"created": "2023-10-31T13:20:08.348Z", "updated": "2023-10-31T13:20:08.348Z", "accommodation": 1, "picture": "images/accommodations/destinations/2023/10/31/accommodation_5.jpg", "is_main": false}}, {"model": "packages.accommodationfeature", "pk": 1, "fields": {"title": "Accommodation feature 1 en", "title_uz": "Accommodation feature 1 uz", "title_ru": "Accommodation feature 1 ru", "title_en": "Accommodation feature 1 en", "icon": "images/accommodations/features/icon.jpg", "description": "Description en", "description_uz": "Description uz", "description_ru": "Description ru", "description_en": "Description en", "is_paid": false, "is_popular": false}}, {"model": "packages.accommodationfeature", "pk": 2, "fields": {"title": "Accommodation feature 2 en", "title_uz": "Accommodation feature 2 uz", "title_ru": "Accommodation feature 2 ru", "title_en": "Accommodation feature 2 en", "icon": "images/accommodations/features/icon_y6SXghX.jpg", "description": "Description en", "description_uz": "Description uz", "description_ru": "Description ru", "description_en": "Description en", "is_paid": true, "is_popular": false}}, {"model": "packages.accommodationfeature", "pk": 3, "fields": {"title": "Accommodation feature 3 en", "title_uz": "Accommodation feature 3 uz", "title_ru": "Accommodation feature 3 ru", "title_en": "Accommodation feature 3 en", "icon": "images/accommodations/features/icon_ThGudRH.jpg", "description": "Description en", "description_uz": "Description uz", "description_ru": "Description ru", "description_en": "Description en", "is_paid": false, "is_popular": true}}, {"model": "packages.accommodationfeature", "pk": 4, "fields": {"title": "Accommodation feature 4 en", "title_uz": "Accommodation feature 4 uz", "title_ru": "Accommodation feature 4 ru", "title_en": "Accommodation feature 4 en", "icon": "images/accommodations/features/icon_opc8HS0.jpg", "description": "Description en", "description_uz": "Description uz", "description_ru": "Description ru", "description_en": "Description en", "is_paid": true, "is_popular": true}}, {"model": "packages.day", "pk": 1, "fields": {"created": "2023-10-31T13:45:28.630Z", "updated": "2023-11-01T09:22:12.278Z", "package": 1, "trip": 1, "day_number": 1}}, {"model": "packages.day", "pk": 2, "fields": {"created": "2023-10-31T13:45:28.631Z", "updated": "2023-10-31T13:58:25.137Z", "package": 1, "trip": 1, "day_number": 2}}, {"model": "packages.day", "pk": 3, "fields": {"created": "2023-10-31T13:45:28.631Z", "updated": "2023-10-31T13:45:28.631Z", "package": 1, "trip": 1, "day_number": 3}}, {"model": "packages.day", "pk": 4, "fields": {"created": "2023-10-31T13:45:28.632Z", "updated": "2023-10-31T13:45:28.632Z", "package": 1, "trip": 1, "day_number": 4}}, {"model": "packages.day", "pk": 5, "fields": {"created": "2023-10-31T13:45:28.633Z", "updated": "2023-10-31T13:45:28.633Z", "package": 1, "trip": 1, "day_number": 5}}, {"model": "packages.day", "pk": 6, "fields": {"created": "2023-10-31T13:45:28.633Z", "updated": "2023-10-31T13:45:28.633Z", "package": 1, "trip": 1, "day_number": 6}}, {"model": "packages.day", "pk": 7, "fields": {"created": "2023-10-31T13:45:28.633Z", "updated": "2023-10-31T13:45:28.633Z", "package": 1, "trip": 1, "day_number": 7}}, {"model": "packages.day", "pk": 8, "fields": {"created": "2023-10-31T13:45:28.635Z", "updated": "2023-10-31T13:45:28.635Z", "package": 1, "trip": 1, "day_number": 8}}, {"model": "packages.day", "pk": 9, "fields": {"created": "2023-10-31T13:45:28.635Z", "updated": "2023-10-31T13:45:28.635Z", "package": 1, "trip": 1, "day_number": 9}}, {"model": "packages.stay", "pk": 1, "fields": {"created": "2023-10-31T13:56:07.682Z", "updated": "2023-10-31T13:56:07.682Z", "day": 1, "accommodation": 1, "due_time": "18:53:48"}}, {"model": "packages.stay", "pk": 2, "fields": {"created": "2023-10-31T13:58:25.188Z", "updated": "2023-10-31T13:58:25.188Z", "day": 2, "accommodation": 1, "due_time": "18:57:47"}}, {"model": "packages.stay", "pk": 3, "fields": {"created": "2023-11-01T09:22:12.284Z", "updated": "2023-11-01T09:22:12.284Z", "day": 1, "accommodation": 1, "due_time": "14:22:07"}}, {"model": "packages.flight", "pk": 1, "fields": {"created": "2023-10-31T13:56:07.685Z", "updated": "2023-10-31T13:56:07.685Z", "day": 1, "from_city": 2, "to_city": 1, "due_time": "08:30:00"}}, {"model": "packages.flight", "pk": 2, "fields": {"created": "2023-10-31T13:58:25.190Z", "updated": "2023-10-31T13:58:25.190Z", "day": 2, "from_city": 6, "to_city": 7, "due_time": "18:58:00"}}, {"model": "packages.packagefeature", "pk": 1, "fields": {"title": "Plan feature 1 en", "title_uz": "Plan feature 1 uz", "title_ru": "Plan feature 1 ru", "title_en": "Plan feature 1 en", "description": "<p>Description en</p>", "description_uz": "<p>Description uz</p>", "description_ru": "<p>Description ru</p>", "description_en": "<p>Description en</p>", "icon": "images/packages/features/icon.jpg"}}, {"model": "packages.packagefeature", "pk": 2, "fields": {"title": "Plan feature 2 en", "title_uz": "Plan feature 2 uz", "title_ru": "Plan feature 2 ru", "title_en": "Plan feature 2 en", "description": "<p>Description en</p>", "description_uz": "<p>Description uz</p>", "description_ru": "<p>Description ru</p>", "description_en": "<p>Description en</p>", "icon": "images/packages/features/icon_nKkwA0S.jpg"}}, {"model": "packages.packagefeature", "pk": 3, "fields": {"title": "Plan feature 3 en", "title_uz": "Plan feature 3 uz", "title_ru": "Plan feature 3 ru", "title_en": "Plan feature 3 en", "description": "<p>Description en</p>", "description_uz": "<p>Description uz</p>", "description_ru": "<p>Description ru</p>", "description_en": "<p>Description en</p>", "icon": "images/packages/features/icon_DHbAelt.jpg"}}, {"model": "packages.activitybridge", "pk": 1, "fields": {"day": 1, "plan": 1, "activity": 1, "due_time": "18:00:00"}}, {"model": "packages.activitybridge", "pk": 2, "fields": {"day": 1, "plan": 2, "activity": 2, "due_time": "19:00:00"}}, {"model": "packages.activitybridge", "pk": 3, "fields": {"day": 1, "plan": 3, "activity": 2, "due_time": "20:00:00"}}, {"model": "packages.activitybridge", "pk": 4, "fields": {"day": 2, "plan": 1, "activity": 1, "due_time": "18:58:09"}}, {"model": "packages.activitybridge", "pk": 5, "fields": {"day": 2, "plan": 2, "activity": 2, "due_time": "18:58:15"}}, {"model": "packages.activitybridge", "pk": 6, "fields": {"day": 2, "plan": 3, "activity": 2, "due_time": "18:58:21"}}, {"model": "packages.activity", "pk": 1, "fields": {"created": "2023-10-31T12:44:14.922Z", "updated": "2023-10-31T12:44:14.922Z", "title": "Activity 1 en", "title_uz": "Activity 1 uz", "title_ru": "Activity 1 ru", "title_en": "Activity 1 en", "address": "Address en", "address_uz": "Address uz", "address_ru": "Address ru", "address_en": "Address en", "landmark": "Landmark en", "landmark_uz": "Landmark uz", "landmark_ru": "Landmark ru", "landmark_en": "Landmark en", "description": "<p>Description en</p>", "description_uz": "<p>Description uz</p>", "description_ru": "<p>Description ru</p>", "description_en": "<p>Description en</p>", "iframe": "<iframe src=\"https://www.google.com/maps/embed?pb=!1m18!1m12!1m3!1d2996.128088166676!2d69.24353207592874!3d41.32782799968768!2m3!1f0!2f0!3f0!3m2!1i1024!2i768!4f13.1!3m3!1m2!1s0x38ae8b70de29132d%3A0x4f62d5ff05a9a3dd!2sGafur%20Gulom!5e0!3m2!1sen!2s!4v1698756216175!5m2!1sen!2s\" width=\"600\" height=\"450\" style=\"border:0;\" allowfullscreen=\"\" loading=\"lazy\" referrerpolicy=\"no-referrer-when-downgrade\"></iframe>", "latitude": "41.32775146052321", "longitude": "69.24614991176196"}}, {"model": "packages.activity", "pk": 2, "fields": {"created": "2023-10-31T12:46:44.919Z", "updated": "2023-10-31T12:46:44.919Z", "title": "Activity 2 en", "title_uz": "Activity 2 uz", "title_ru": "Activity 2 ru", "title_en": "Activity 2 en", "address": "Address en", "address_uz": "Address uz", "address_ru": "Address ru", "address_en": "Address en", "landmark": "Landmark en", "landmark_uz": "Landmark uz", "landmark_ru": "Landmark ru", "landmark_en": "Landmark en", "description": "<p>Description en</p>", "description_uz": "<p>Description uz</p>", "description_ru": "<p>Description ru</p>", "description_en": "<p>Description en</p>", "iframe": "<iframe src=\"https://www.google.com/maps/embed?pb=!1m18!1m12!1m3!1d594.4409360830396!2d69.27460832820677!3d41.335087370583686!2m3!1f0!2f0!3f0!3m2!1i1024!2i768!4f13.1!3m3!1m2!1s0x38ae8b454cf51035%3A0xc1f97becd64cf681!2sMinor%20Mosque!5e0!3m2!1sen!2s!4v1698756368721!5m2!1sen!2s\" width=\"600\" height=\"450\" style=\"border:0;\" allowfullscreen=\"\" loading=\"lazy\" referrerpolicy=\"no-referrer-when-downgrade\"></iframe>", "latitude": "41.33533113887938", "longitude": "69.27503197350008"}}, {"model": "packages.trip", "pk": 1, "fields": {"created": "2023-10-31T13:44:09.960Z", "updated": "2023-10-31T13:44:09.960Z", "package": 1, "start_date": "2023-11-30"}}, {"model": "packages.package", "pk": 1, "fields": {"created": "2023-10-31T13:44:09.815Z", "updated": "2023-10-31T13:45:28.577Z", "title": "Package 1 en", "title_uz": "Package 1 uz", "title_ru": "Package 1 ru", "title_en": "Package 1 en", "description": "Description en", "description_uz": "Description uz", "description_ru": "Description ru", "description_en": "Description en", "is_active": true, "popular_places": [1, 2], "core_features": [1]}}, {"model": "packages.packagepicture", "pk": 1, "fields": {"created": "2023-10-31T13:44:09.882Z", "updated": "2023-10-31T13:44:09.882Z", "package": 1, "picture": "images/packages/package/2023/10/package_1.jpg", "is_main": true}}, {"model": "packages.packagepicture", "pk": 2, "fields": {"created": "2023-10-31T13:44:09.902Z", "updated": "2023-10-31T13:44:09.902Z", "package": 1, "picture": "images/packages/package/2023/10/package_2.jpg", "is_main": false}}, {"model": "packages.packagepicture", "pk": 3, "fields": {"created": "2023-10-31T13:44:09.910Z", "updated": "2023-10-31T13:44:09.910Z", "package": 1, "picture": "images/packages/package/2023/10/package_3.jpg", "is_main": false}}, {"model": "packages.packagepicture", "pk": 4, "fields": {"created": "2023-10-31T13:44:09.919Z", "updated": "2023-10-31T13:44:09.919Z", "package": 1, "picture": "images/packages/package/2023/10/package_4.jpg", "is_main": false}}, {"model": "packages.packagepicture", "pk": 5, "fields": {"created": "2023-10-31T13:44:09.925Z", "updated": "2023-10-31T13:44:09.925Z", "package": 1, "picture": "images/packages/package/2023/10/package_5.jpg", "is_main": false}}, {"model": "packages.destination", "pk": 1, "fields": {"package": 1, "country": 1, "city": 1, "duration": 3}}, {"model": "packages.destination", "pk": 2, "fields": {"package": 1, "country": 2, "city": 2, "duration": 3}}, {"model": "packages.destination", "pk": 3, "fields": {"package": 1, "country": 3, "city": 6, "duration": 3}}, {"model": "packages.plantype", "pk": 1, "fields": {"title": "Ekonom en", "title_uz": "Ekonom uz", "title_ru": "Ekonom ru", "title_en": "Ekonom en"}}, {"model": "packages.plantype", "pk": 2, "fields": {"title": "Standart en", "title_uz": "Standart uz", "title_ru": "Standart ru", "title_en": "Standart en"}}, {"model": "packages.plantype", "pk": 3, "fields": {"title": "Premium en", "title_uz": "Premium uz", "title_ru": "Premium ru", "title_en": "Premium en"}}, {"model": "packages.plan", "pk": 1, "fields": {"package": 1, "type": 1, "price": 1000, "discount": 15, "discount_expiry_date": "2023-12-31T13:40:35Z", "description": "<p>Description en</p>", "description_uz": "<p>Description uz</p>", "description_ru": "<p>Description ru</p>", "description_en": "<p>Description en</p>", "features": [1]}}, {"model": "packages.plan", "pk": 2, "fields": {"package": 1, "type": 2, "price": 1200, "discount": 15, "discount_expiry_date": "2023-12-31T13:42:02Z", "description": "<p>Description en</p>", "description_uz": "<p>Description uz</p>", "description_ru": "<p>Description ru</p>", "description_en": "<p>Description en</p>", "features": [1, 2]}}, {"model": "packages.plan", "pk": 3, "fields": {"package": 1, "type": 3, "price": 1500, "discount": 10, "discount_expiry_date": "2023-12-31T13:42:39Z", "description": "<p>Description en</p>", "description_uz": "<p>Description uz</p>", "description_ru": "<p>Description ru</p>", "description_en": "<p>Description en</p>", "features": [1, 2, 3]}}, {"model": "places.popularplace", "pk": 1, "fields": {"created": "2023-10-30T14:03:59.210Z", "updated": "2023-10-30T14:03:59.210Z", "title": "Popular place 1", "picture": "images/places/Laye_Banzs_-_Krezi.jpeg", "description": "Amidst the serene forest, the trees whispered secrets to the wind. A river, glistening under the dappled sunlight, meandered through the heart of the wilderness. Birds, their feathers painted with vibrant hues, created a symphony of melodies that filled the air. Nature, in all its grandeur, unveiled its timeless beauty, inviting all who ventured into this enchanted realm to lose themselves in its tranquility."}}, {"model": "places.popularplace", "pk": 2, "fields": {"created": "2023-10-30T14:04:46.366Z", "updated": "2023-10-30T14:04:46.366Z", "title": "Popular place 2", "picture": "images/places/aloVuSQa.jpg", "description": "Amidst the serene forest, the trees whispered secrets to the wind. A river, glistening under the dappled sunlight, meandered through the heart of the wilderness. Birds, their feathers painted with vibrant hues, created a symphony of melodies that filled the air. Nature, in all its grandeur, unveiled its timeless beauty, inviting all who ventured into this enchanted realm to lose themselves in its tranquility."}}]